EmployeeId,Address
1,789 Ash Lane
2,678 Spruce Ave
3,1000 Willow Terrace
4,890 Birch Parkway
5,456 Elm Street
6,456 Elm Street
7,567 Cedar Blvd
8,234 Oak Street
9,678 Spruce Ave
10,890 Birch Parkway
11,678 Spruce Ave
12,901 Redwood Circle
13,345 Pine Road
14,678 Spruce Ave
15,234 Oak Street
16,456 Elm Street
17,345 Pine Road
18,567 Cedar Blvd
19,234 Oak Street
20,789 Ash Lane
21,901 Redwood Circle
22,1000 Willow Terrace
23,890 Birch Parkway
24,123 Maple Drive
25,345 Pine Road
26,890 Birch Parkway
27,890 Birch Parkway
28,345 Pine Road
29,234 Oak Street
30,789 Ash Lane
31,234 Oak Street
32,901 Redwood Circle
33,123 Maple Drive
34,123 Maple Drive
35,456 Elm Street
36,123 Maple Drive
37,123 Maple Drive
38,567 Cedar Blvd
39,678 Spruce Ave
40,1000 Willow Terrace
41,901 Redwood Circle
42,1000 Willow Terrace
43,890 Birch Parkway
44,901 Redwood Circle
45,890 Birch Parkway
46,123 Maple Drive
47,789 Ash Lane
48,678 Spruce Ave
49,234 Oak Street
50,678 Spruce Ave
51,345 Pine Road
52,345 Pine Road
53,567 Cedar Blvd
54,789 Ash Lane
55,789 Ash Lane
56,123 Maple Drive
57,234 Oak Street
58,456 Elm Street
59,678 Spruce Ave
60,456 Elm Street
61,890 Birch Parkway
62,789 Ash Lane
63,901 Redwood Circle
64,678 Spruce Ave
65,456 Elm Street
66,789 Ash Lane
67,1000 Willow Terrace
68,123 Maple Drive
69,1000 Willow Terrace
70,456 Elm Street
71,789 Ash Lane
72,456 Elm Street
73,678 Spruce Ave
74,789 Ash Lane
75,234 Oak Street
76,345 Pine Road
77,123 Maple Drive
78,567 Cedar Blvd
79,901 Redwood Circle
80,890 Birch Parkway
81,890 Birch Parkway
82,123 Maple Drive
83,1000 Willow Terrace
84,678 Spruce Ave
85,567 Cedar Blvd
86,1000 Willow Terrace
87,345 Pine Road
88,678 Spruce Ave
89,456 Elm Street
90,345 Pine Road
91,234 Oak Street
92,123 Maple Drive
93,901 Redwood Circle
94,789 Ash Lane
95,901 Redwood Circle
96,234 Oak Street
97,789 Ash Lane
98,901 Redwood Circle
99,890 Birch Parkway
100,678 Spruce Ave
